ID,ProteinName,SNPs_id,ProteinSequenceAndStructure_id,Scd Structure,RSA-homodimer,Distance to Contact Interface,RSA-monomer,conservation score (ConSurf),MTR,IUPRED Long,IUPRED Short,ANCHOR Score,carbonyl,weak_polar_weak_hbonds_wo_angles,aromatic,metal_complex,halogen,ionic,hydrophobic,polar_hbonds_wo_angles
WTPTN1,SOD1,K3E,SEQSTR1,Extended beta-strand,42.5,7.25659444918896,48.8,-0.368,0.768,0.3566,0.6681,0.4303,1,0,35,1,1,1,1,1
WTPTN2,SOD1,K3E,SEQSTR2,Extended beta-strand,42.5,7.25659444918896,48.8,-0.368,0.768,0.3566,0.6681,0.4303,1,0,35,1,1,1,1,1
WTPTN3,SOD1,K3E,SEQSTR3,Extended beta-strand,42.5,7.25659444918896,48.8,-0.368,0.768,0.3566,0.6681,0.4303,1,0,35,1,1,1,1,1
WTPTN4,SOD1,K3E,SEQSTR4,Extended beta-strand,42.5,7.25659444918896,48.8,-0.368,0.768,0.3566,0.6681,0.4303,1,0,35,1,1,1,1,1
WTPTN5,SOD1,K3E,SEQSTR5,Extended beta-strand,42.5,7.25659444918896,48.8,-0.368,0.768,0.3566,0.6681,0.4303,1,0,35,1,1,1,1,1
WTPTN6,SOD1,K3E,SEQSTR6,Extended beta-strand,42.5,7.25659444918896,48.8,-0.368,0.768,0.3566,0.6681,0.4303,1,0,35,1,1,1,1,1
WTPTN7,SOD1,K3E,SEQSTR7,Extended beta-strand,42.5,7.25659444918896,48.8,-0.368,0.768,0.3566,0.6681,0.4303,1,0,35,1,1,1,1,1
WTPTN8,SOD1,K3E,SEQSTR8,Extended beta-strand,42.5,7.25659444918896,48.8,-0.368,0.768,0.3566,0.6681,0.4303,1,0,35,1,1,1,1,1
WTPTN9,SOD1,K3E,SEQSTR9,Extended beta-strand,42.5,7.25659444918896,48.8,-0.368,0.768,0.3566,0.6681,0.4303,1,0,35,1,1,1,1,1
WTPTN10,SOD1,K3E,SEQSTR10,Extended beta-strand,42.5,7.25659444918896,48.8,-0.368,0.768,0.3566,0.6681,0.4303,1,0,35,1,1,1,1,1
WTPTN11,SOD1,K3E,SEQSTR11,Extended beta-strand,42.5,7.25659444918896,48.8,-0.368,0.768,0.3566,0.6681,0.4303,1,0,35,1,1,1,1,1
WTPTN12,SOD1,K3E,SEQSTR12,Extended beta-strand,42.5,7.25659444918896,48.8,-0.368,0.768,0.3566,0.6681,0.4303,1,0,35,1,1,1,1,1
WTPTN13,SOD1,K3E,SEQSTR13,Extended beta-strand,42.5,7.25659444918896,48.8,-0.368,0.768,0.3566,0.6681,0.4303,1,0,35,1,1,1,1,1
WTPTN14,SOD1,K3E,SEQSTR14,Extended beta-strand,42.5,7.25659444918896,48.8,-0.368,0.768,0.3566,0.6681,0.4303,1,0,35,1,1,1,1,1
WTPTN15,SOD1,K3E,SEQSTR15,Extended beta-strand,42.5,7.25659444918896,48.8,-0.368,0.768,0.3566,0.6681,0.4303,1,0,35,1,1,1,1,1
WTPTN16,SOD1,K3E,SEQSTR16,Extended beta-strand,42.5,7.25659444918896,48.8,-0.368,0.768,0.3566,0.6681,0.4303,1,0,35,1,1,1,1,1
WTPTN17,SOD1,K3E,SEQSTR17,Extended beta-strand,42.5,7.25659444918896,48.8,-0.368,0.768,0.3566,0.6681,0.4303,1,0,35,1,1,1,1,1
WTPTN18,SOD1,K3E,SEQSTR18,Extended beta-strand,42.5,7.25659444918896,48.8,-0.368,0.768,0.3566,0.6681,0.4303,1,0,35,1,1,1,1,1
WTPTN19,SOD1,K3E,SEQSTR19,Extended beta-strand,42.5,7.25659444918896,48.8,-0.368,0.768,0.3566,0.6681,0.4303,1,0,35,1,1,1,1,1
WTPTN20,SOD1,K3E,SEQSTR20,Extended beta-strand,42.5,7.25659444918896,48.8,-0.368,0.768,0.3566,0.6681,0.4303,1,0,35,1,1,1,1,1
WTPTN21,SOD1,K3E,SEQSTR21,Extended beta-strand,42.5,7.25659444918896,48.8,-0.368,0.768,0.3566,0.6681,0.4303,1,0,35,1,1,1,1,1
WTPTN22,SOD1,K3E,SEQSTR22,Extended beta-strand,42.5,7.25659444918896,48.8,-0.368,0.768,0.3566,0.6681,0.4303,1,0,35,1,1,1,1,1
WTPTN23,SOD1,K3E,SEQSTR23,Extended beta-strand,42.5,7.25659444918896,48.8,-0.368,0.768,0.3566,0.6681,0.4303,1,0,35,1,1,1,1,1
WTPTN24,SOD1,K3E,SEQSTR24,Extended beta-strand,42.5,7.25659444918896,48.8,-0.368,0.768,0.3566,0.6681,0.4303,1,0,35,1,1,1,1,1
WTPTN25,SOD1,K3E,SEQSTR25,Extended beta-strand,42.5,7.25659444918896,48.8,-0.368,0.768,0.3566,0.6681,0.4303,1,0,35,1,1,1,1,1
WTPTN26,SOD1,K3E,SEQSTR26,Extended beta-strand,42.5,7.25659444918896,48.8,-0.368,0.768,0.3566,0.6681,0.4303,1,0,35,1,1,1,1,1
WTPTN27,SOD1,K3E,SEQSTR27,Extended beta-strand,42.5,7.25659444918896,48.8,-0.368,0.768,0.3566,0.6681,0.4303,1,0,35,1,1,1,1,1
WTPTN28,SOD1,K3E,SEQSTR28,Extended beta-strand,42.5,7.25659444918896,48.8,-0.368,0.768,0.3566,0.6681,0.4303,1,0,35,1,1,1,1,1
WTPTN29,SOD1,A4V,SEQSTR29,Extended beta-strand,0.0,6.50297232040857,0.0,-0.368,0.805,0.3117,0.5711,0.4314,2,0,35,0,1,2,0,2
WTPTN30,SOD1,A4V,SEQSTR30,Extended beta-strand,0.0,6.50297232040857,0.0,-0.368,0.805,0.3117,0.5711,0.4314,2,0,35,0,1,2,0,2
WTPTN31,SOD1,A4V,SEQSTR31,Extended beta-strand,0.0,6.50297232040857,0.0,-0.368,0.805,0.3117,0.5711,0.4314,2,0,35,0,1,2,0,2
WTPTN32,SOD1,A4V,SEQSTR32,Extended beta-strand,0.0,6.50297232040857,0.0,-1.010,0.805,0.3117,0.5711,0.4314,2,0,35,0,1,2,0,2
WTPTN33,SOD1,A4V,SEQSTR33,Extended beta-strand,0.0,6.50297232040857,0.0,-1.010,0.805,0.3117,0.5711,0.4314,2,0,35,0,1,2,0,2
WTPTN34,SOD1,A4V,SEQSTR34,Extended beta-strand,0.0,6.50297232040857,0.0,-1.010,0.805,0.3117,0.5711,0.4314,2,0,35,0,1,2,0,2
WTPTN35,SOD1,A4V,SEQSTR35,Extended beta-strand,0.0,6.50297232040857,0.0,-1.010,0.805,0.3117,0.5711,0.4314,2,0,35,0,1,2,0,2
WTPTN36,SOD1,A4V,SEQSTR36,Extended beta-strand,0.0,6.50297232040857,0.0,-1.010,0.805,0.3117,0.5711,0.4314,2,0,35,0,1,2,0,2
WTPTN37,SOD1,A4V,SEQSTR37,Extended beta-strand,0.0,6.50297232040857,0.0,-1.010,0.805,0.3117,0.5711,0.4314,2,0,35,0,1,2,0,2
WTPTN38,SOD1,A4V,SEQSTR38,Extended beta-strand,0.0,6.50297232040857,0.0,-1.010,0.805,0.3117,0.5711,0.4314,2,0,35,0,1,2,0,2
WTPTN39,SOD1,A4V,SEQSTR39,Extended beta-strand,0.0,6.50297232040857,0.0,-1.010,0.805,0.3117,0.5711,0.4314,2,0,35,0,1,2,0,2
WTPTN40,SOD1,A4V,SEQSTR40,Extended beta-strand,0.0,6.50297232040857,0.0,-1.010,0.805,0.3117,0.5711,0.4314,2,0,35,0,1,2,0,2
WTPTN41,SOD1,A4V,SEQSTR41,Extended beta-strand,0.0,6.50297232040857,0.0,-1.010,0.805,0.3117,0.5711,0.4314,2,0,35,0,1,2,0,2
WTPTN42,SOD1,A4V,SEQSTR42,Extended beta-strand,0.0,6.50297232040857,0.0,-1.010,0.805,0.3117,0.5711,0.4314,2,0,35,0,1,2,0,2
WTPTN43,SOD1,A4V,SEQSTR43,Extended beta-strand,0.0,6.50297232040857,0.0,-1.010,0.805,0.3117,0.5711,0.4314,2,0,35,0,1,2,0,2
WTPTN44,SOD1,A4F,SEQSTR44,Extended beta-strand,0.0,6.50297232040857,0.0,-1.010,0.805,0.3117,0.5711,0.4314,2,0,35,0,1,2,0,2
WTPTN45,SOD1,A4S,SEQSTR45,Extended beta-strand,0.0,6.50297232040857,0.0,-1.010,0.805,0.3117,0.5711,0.4314,2,0,35,0,1,2,0,2
WTPTN46,SOD1,A4S,SEQSTR46,Extended beta-strand,0.0,6.50297232040857,0.0,-1.010,0.805,0.3117,0.5711,0.4314,2,0,35,0,1,2,0,2
WTPTN47,SOD1,A4T,SEQSTR47,Extended beta-strand,0.0,6.50297232040857,0.0,-1.010,0.805,0.3117,0.5711,0.4314,2,0,35,0,1,2,0,2
WTPTN48,SOD1,A4T,SEQSTR48,Extended beta-strand,0.0,6.50297232040857,0.0,-1.010,0.805,0.3117,0.5711,0.4314,2,0,35,0,1,2,0,2
WTPTN49,SOD1,A4D,SEQSTR49,Loop or irregular,0.0,6.50297232040857,0.0,-1.010,0.805,0.3117,0.5711,0.4314,2,0,35,0,1,2,0,2
WTPTN50,SOD1,A4D,SEQSTR50,Loop or irregular,0.0,6.50297232040857,0.0,-1.010,0.805,0.3117,0.5711,0.4314,2,0,35,0,1,2,0,2
WTPTN51,SOD1,A4D,SEQSTR51,Loop or irregular,0.0,6.50297232040857,0.0,-1.010,0.805,0.3117,0.5711,0.4314,2,0,35,0,1,2,0,2
WTPTN52,SOD1,C6G,SEQSTR52,Extended beta-strand,1.5,5.57393541404993,1.5,-1.010,0.738,0.3840,0.4918,0.4325,0,0,19,1,1,0,0,1
WTPTN53,SOD1,C6G,SEQSTR53,Extended beta-strand,1.5,5.57393541404993,1.5,-1.010,0.738,0.3840,0.4918,0.4325,0,0,19,1,1,0,0,1
WTPTN54,SOD1,C6F,SEQSTR54,Extended beta-strand,1.5,5.57393541404993,1.5,-1.010,0.738,0.3840,0.4918,0.4325,0,0,19,1,1,0,0,1
WTPTN55,SOD1,C6F,SEQSTR55,Extended beta-strand,1.5,5.57393541404993,1.5,0.009,0.738,0.3840,0.4918,0.4325,0,0,19,1,1,0,0,1
WTPTN56,SOD1,C6F,SEQSTR56,Extended beta-strand,1.5,5.57393541404993,1.5,0.009,0.738,0.3840,0.4918,0.4325,0,0,19,1,1,0,0,1
WTPTN57,SOD1,C6F,SEQSTR57,Extended beta-strand,1.5,5.57393541404993,1.5,0.009,0.738,0.3840,0.4918,0.4325,0,0,19,1,1,0,0,1
WTPTN58,SOD1,C6F,SEQSTR58,Extended beta-strand,1.5,5.57393541404993,1.5,0.009,0.738,0.3840,0.4918,0.4325,0,0,19,1,1,0,0,1
WTPTN59,SOD1,C6S,SEQSTR59,Extended beta-strand,1.5,5.57393541404993,1.5,0.009,0.738,0.3840,0.4918,0.4325,0,0,19,1,1,0,0,1
WTPTN60,SOD1,C6S,SEQSTR60,Extended beta-strand,1.5,5.57393541404993,1.5,0.009,0.738,0.3840,0.4918,0.4325,0,0,19,1,1,0,0,1
WTPTN61,SOD1,C6S,SEQSTR61,Extended beta-strand,1.5,5.57393541404993,1.5,0.009,0.738,0.3840,0.4918,0.4325,0,0,19,1,1,0,0,1
WTPTN62,SOD1,C6S,SEQSTR62,Extended beta-strand,1.5,5.57393541404993,1.5,0.009,0.738,0.3840,0.4918,0.4325,0,0,19,1,1,0,0,1
WTPTN63,SOD1,C6S,SEQSTR63,Extended beta-strand,1.5,5.57393541404993,1.5,0.009,0.738,0.3840,0.4918,0.4325,0,0,19,1,1,0,0,1
WTPTN64,SOD1,C6S,SEQSTR64,Extended beta-strand,1.5,5.57393541404993,1.5,0.009,0.738,0.3840,0.4918,0.4325,0,0,19,1,1,0,0,1
WTPTN65,SOD1,C6S,SEQSTR65,Extended beta-strand,1.5,5.57393541404993,1.5,0.009,0.738,0.3840,0.4918,0.4325,0,0,19,1,1,0,0,1
WTPTN66,SOD1,C6S,SEQSTR66,Extended beta-strand,1.5,5.57393541404993,1.5,0.009,0.738,0.3840,0.4918,0.4325,0,0,19,1,1,0,0,1
WTPTN67,SOD1,C6S,SEQSTR67,Extended beta-strand,1.5,5.57393541404993,1.5,0.009,0.738,0.3840,0.4918,0.4325,0,0,19,1,1,0,0,1
WTPTN68,SOD1,C6S,SEQSTR68,Extended beta-strand,1.5,5.57393541404993,1.5,0.009,0.738,0.3840,0.4918,0.4325,0,0,19,1,1,0,0,1
WTPTN69,SOD1,C6S,SEQSTR69,Extended beta-strand,1.5,5.57393541404993,1.5,0.009,0.738,0.3840,0.4918,0.4325,0,0,19,1,1,0,0,1
WTPTN70,SOD1,C6S,SEQSTR70,Extended beta-strand,1.5,5.57393541404993,1.5,0.009,0.738,0.3840,0.4918,0.4325,0,0,19,1,1,0,0,1
WTPTN71,SOD1,C6S,SEQSTR71,Extended beta-strand,1.5,5.57393541404993,1.5,0.009,0.738,0.3840,0.4918,0.4325,0,0,19,1,1,0,0,1
WTPTN72,SOD1,C6S,SEQSTR72,Extended beta-strand,1.5,5.57393541404993,1.5,0.009,0.738,0.3840,0.4918,0.4325,0,0,19,1,1,0,0,1
WTPTN73,SOD1,C6W,SEQSTR73,Extended beta-strand,1.5,5.57393541404993,1.5,0.009,0.738,0.3840,0.4918,0.4325,0,0,19,1,1,0,0,1
WTPTN74,SOD1,C6W,SEQSTR74,Extended beta-strand,1.5,5.57393541404993,1.5,0.009,0.738,0.3840,0.4918,0.4325,0,0,19,1,1,0,0,1
WTPTN75,SOD1,C6W,SEQSTR75,Extended beta-strand,1.5,5.57393541404993,1.5,0.009,0.738,0.3840,0.4918,0.4325,0,0,19,1,1,0,0,1
WTPTN76,SOD1,C6W,SEQSTR76,Extended beta-strand,1.5,5.57393541404993,1.5,0.009,0.738,0.3840,0.4918,0.4325,0,0,19,1,1,0,0,1
WTPTN77,SOD1,C6Y,SEQSTR77,Extended beta-strand,1.5,5.57393541404993,1.5,0.009,0.738,0.3840,0.4918,0.4325,0,0,19,1,1,0,0,1
WTPTN78,SOD1,V7E,SEQSTR78,Loop or irregular,15.7,3.79860316432238,54.7,0.009,0.841,0.3249,0.3847,0.4303,0,0,35,0,1,2,0,0
WTPTN79,SOD1,V7E,SEQSTR79,Loop or irregular,15.7,3.79860316432238,54.7,0.009,0.841,0.3249,0.3847,0.4303,0,0,35,0,1,2,0,0
WTPTN80,SOD1,L8V,SEQSTR80,Extended beta-strand,0.0,7.76990572658382,0.0,0.009,0.798,0.2715,0.2748,0.4288,2,0,60,1,1,4,1,2
WTPTN81,SOD1,L8Q,SEQSTR81,Extended beta-strand,0.0,7.76990572658382,0.0,-0.527,0.798,0.2715,0.2748,0.4288,2,0,60,1,1,4,1,2
WTPTN82,SOD1,L8Q,SEQSTR82,Extended beta-strand,0.0,7.76990572658382,0.0,-0.527,0.798,0.2715,0.2748,0.4288,2,0,60,1,1,4,1,2
WTPTN83,SOD1,L8Q,SEQSTR83,Extended beta-strand,0.0,7.76990572658382,0.0,-0.005,0.798,0.2715,0.2748,0.4288,2,0,60,1,1,4,1,2
WTPTN84,SOD1,L8Q,SEQSTR84,Extended beta-strand,0.0,7.76990572658382,0.0,-0.005,0.798,0.2715,0.2748,0.4288,2,0,60,1,1,4,1,2
WTPTN85,SOD1,L8Q,SEQSTR85,Extended beta-strand,0.0,7.76990572658382,0.0,-0.005,0.798,0.2715,0.2748,0.4288,2,0,60,1,1,4,1,2
WTPTN86,SOD1,L8Q,SEQSTR86,Extended beta-strand,0.0,7.76990572658382,0.0,-0.005,0.798,0.2715,0.2748,0.4288,2,0,60,1,1,4,1,2
WTPTN87,SOD1,G10V,SEQSTR87,Extended beta-strand,29.6,9.06748360902847,29.6,-0.005,0.849,0.2292,0.1292,0.4235,0,0,16,0,1,0,0,1
WTPTN88,SOD1,G10V,SEQSTR88,Extended beta-strand,29.6,9.06748360902847,29.6,-0.005,0.849,0.2292,0.1292,0.4235,0,0,16,0,1,0,0,1
WTPTN89,SOD1,G10V,SEQSTR89,Extended beta-strand,29.6,9.06748360902847,29.6,-0.005,0.849,0.2292,0.1292,0.4235,0,0,16,0,1,0,0,1
WTPTN90,SOD1,G10V,SEQSTR90,Extended beta-strand,29.6,9.06748360902847,29.6,-0.349,0.849,0.2292,0.1292,0.4235,0,0,16,0,1,0,0,1
WTPTN91,SOD1,G10V,SEQSTR91,Extended beta-strand,29.6,9.06748360902847,29.6,-0.349,0.849,0.2292,0.1292,0.4235,0,0,16,0,1,0,0,1
WTPTN92,SOD1,G10R,SEQSTR92,Extended beta-strand,29.6,9.06748360902847,29.6,-0.349,0.849,0.2292,0.1292,0.4235,0,0,16,0,1,0,0,1
WTPTN93,SOD1,D11Y,SEQSTR93,H-bonded turn,113.9,8.76110278446726,113.9,-0.349,0.812,0.2715,0.1532,0.4233,0,0,3,0,0,0,0,0
WTPTN94,SOD1,D11Y,SEQSTR94,H-bonded turn,113.9,8.76110278446726,113.9,-0.349,0.812,0.2715,0.1532,0.4233,0,0,3,0,0,0,0,0
WTPTN95,SOD1,D11Y,SEQSTR95,H-bonded turn,113.9,8.76110278446726,113.9,-0.349,0.812,0.2715,0.1532,0.4233,0,0,3,0,0,0,0,0
WTPTN96,SOD1,D11Y,SEQSTR96,H-bonded turn,113.9,8.76110278446726,113.9,0.990,0.812,0.2715,0.1532,0.4233,0,0,3,0,0,0,0,0
WTPTN97,SOD1,G12R,SEQSTR97,H-bonded turn,76.0,12.2762093905244,76.0,0.990,0.806,0.2988,0.1844,0.4252,0,2,15,0,0,0,1,0
WTPTN98,SOD1,V14G,SEQSTR98,Loop or irregular,3.4,12.2037955161499,3.4,0.990,0.736,0.3149,0.2041,0.4302,0,0,15,0,0,3,0,0
WTPTN99,SOD1,G16S,SEQSTR99,Extended beta-strand,29.6,6.78604634525878,29.6,0.990,0.703,0.3910,0.2913,0.4318,0,1,14,1,0,0,1,0
WTPTN100,SOD1,G16S,SEQSTR100,Extended beta-strand,29.6,6.78604634525878,29.6,0.325,0.703,0.3910,0.2913,0.4318,0,1,14,1,0,0,1,0
WTPTN101,SOD1,G16A,SEQSTR101,Extended beta-strand,29.6,6.78604634525878,29.6,-0.560,0.703,0.3910,0.2913,0.4318,0,1,14,1,0,0,1,0
WTPTN102,SOD1,N19S,SEQSTR102,Extended beta-strand,36.8,5.97775083120734,36.8,-1.214,0.738,0.5901,0.4420,0.4316,0,0,34,0,0,1,0,0
WTPTN103,SOD1,N19S,SEQSTR103,Extended beta-strand,36.8,5.97775083120734,36.8,-1.214,0.738,0.5901,0.4420,0.4316,0,0,34,0,0,1,0,0
WTPTN104,SOD1,N19S,SEQSTR104,Extended beta-strand,36.8,5.97775083120734,36.8,-1.214,0.738,0.5901,0.4420,0.4316,0,0,34,0,0,1,0,0
WTPTN105,SOD1,N19S,SEQSTR105,Extended beta-strand,36.8,5.97775083120734,36.8,2.195,0.738,0.5901,0.4420,0.4316,0,0,34,0,0,1,0,0
WTPTN106,SOD1,F20C,SEQSTR106,Extended beta-strand,0.0,9.01437185831603,0.0,2.195,0.742,0.5901,0.4420,0.4325,2,1,72,2,1,9,2,1
WTPTN107,SOD1,F20C,SEQSTR107,Extended beta-strand,0.0,9.01437185831603,0.0,2.195,0.742,0.5901,0.4420,0.4325,2,1,72,2,1,9,2,1
WTPTN108,SOD1,F20C,SEQSTR108,Extended beta-strand,0.0,9.01437185831603,0.0,2.195,0.742,0.5901,0.4420,0.4325,2,1,72,2,1,9,2,1
WTPTN109,SOD1,F20C,SEQSTR109,Extended beta-strand,0.0,9.01437185831603,0.0,-0.707,0.742,0.5901,0.4420,0.4325,2,1,72,2,1,9,2,1
WTPTN110,SOD1,F20C,SEQSTR110,Extended beta-strand,0.0,9.01437185831603,0.0,-0.707,0.742,0.5901,0.4420,0.4325,2,1,72,2,1,9,2,1
WTPTN111,SOD1,F20C,SEQSTR111,Extended beta-strand,0.0,9.01437185831603,0.0,-0.707,0.742,0.5901,0.4420,0.4325,2,1,72,2,1,9,2,1
WTPTN112,SOD1,F20C,SEQSTR112,Extended beta-strand,0.0,9.01437185831603,0.0,-0.707,0.742,0.5901,0.4420,0.4325,2,1,72,2,1,9,2,1
WTPTN113,SOD1,F20C,SEQSTR113,Extended beta-strand,0.0,9.01437185831603,0.0,-0.707,0.742,0.5901,0.4420,0.4325,2,1,72,2,1,9,2,1
WTPTN114,SOD1,E21G,SEQSTR114,Extended beta-strand,19.2,11.7832848136672,24.6,-0.707,0.744,0.5254,0.3939,0.4301,1,0,54,1,1,4,1,1
WTPTN115,SOD1,E21G,SEQSTR115,Extended beta-strand,19.2,11.7832848136672,24.6,-0.707,0.744,0.5254,0.3939,0.4301,1,0,54,1,1,4,1,1
WTPTN116,SOD1,E21G,SEQSTR116,Extended beta-strand,19.2,11.7832848136672,24.6,-0.707,0.744,0.5254,0.3939,0.4301,1,0,54,1,1,4,1,1
WTPTN117,SOD1,E21G,SEQSTR117,Extended beta-strand,19.2,11.7832848136672,24.6,0.855,0.744,0.5254,0.3939,0.4301,1,0,54,1,1,4,1,1
WTPTN118,SOD1,E21G,SEQSTR118,Extended beta-strand,19.2,11.7832848136672,24.6,0.855,0.744,0.5254,0.3939,0.4301,1,0,54,1,1,4,1,1
WTPTN119,SOD1,E21G,SEQSTR119,Extended beta-strand,19.2,11.7832848136672,24.6,0.855,0.744,0.5254,0.3939,0.4301,1,0,54,1,1,4,1,1
WTPTN120,SOD1,E21G,SEQSTR120,Extended beta-strand,19.2,11.7832848136672,24.6,0.855,0.744,0.5254,0.3939,0.4301,1,0,54,1,1,4,1,1
WTPTN121,SOD1,E21G,SEQSTR121,Extended beta-strand,19.2,11.7832848136672,24.6,0.855,0.744,0.5254,0.3939,0.4301,1,0,54,1,1,4,1,1
WTPTN122,SOD1,E21G,SEQSTR122,Extended beta-strand,19.2,11.7832848136672,24.6,0.855,0.744,0.5254,0.3939,0.4301,1,0,54,1,1,4,1,1
WTPTN123,SOD1,E21G,SEQSTR123,Extended beta-strand,19.2,11.7832848136672,24.6,0.855,0.744,0.5254,0.3939,0.4301,1,0,54,1,1,4,1,1
WTPTN124,SOD1,E21G,SEQSTR124,Extended beta-strand,19.2,11.7832848136672,24.6,0.855,0.744,0.5254,0.3939,0.4301,1,0,54,1,1,4,1,1
WTPTN125,SOD1,E21G,SEQSTR125,Extended beta-strand,19.2,11.7832848136672,24.6,0.855,0.744,0.5254,0.3939,0.4301,1,0,54,1,1,4,1,1
WTPTN126,SOD1,E21G,SEQSTR126,Extended beta-strand,19.2,11.7832848136672,24.6,0.855,0.744,0.5254,0.3939,0.4301,1,0,54,1,1,4,1,1
WTPTN127,SOD1,E21G,SEQSTR127,Extended beta-strand,19.2,11.7832848136672,24.6,0.855,0.744,0.5254,0.3939,0.4301,1,0,54,1,1,4,1,1
WTPTN128,SOD1,E21G,SEQSTR128,Extended beta-strand,19.2,11.7832848136672,24.6,0.855,0.744,0.5254,0.3939,0.4301,1,0,54,1,1,4,1,1
WTPTN129,SOD1,Q22H,SEQSTR129,Loop or irregular,4.0,13.4368368673583,4.0,0.855,0.69,0.4409,0.3225,0.4304,3,2,57,3,1,0,3,1
WTPTN130,SOD1,Q22R,SEQSTR130,Loop or irregular,4.0,13.4368368673583,4.0,0.855,0.69,0.4409,0.3225,0.4304,3,2,57,3,1,0,3,1
WTPTN131,SOD1,V31A,SEQSTR131,Extended beta-strand,0.0,12.9989105312715,0.0,0.855,0.805,0.5665,0.4600,0.4207,0,1,43,0,1,10,0,1
WTPTN132,SOD1,G37V,SEQSTR132,Bend,54.3,15.6855963864942,54.3,-0.834,0.731,0.3249,0.2558,0.4407,0,0,21,0,2,0,0,1
WTPTN133,SOD1,G37R,SEQSTR133,Bend,54.3,15.6855963864942,54.3,-0.834,0.731,0.3249,0.2558,0.4407,0,0,21,0,2,0,0,1
WTPTN134,SOD1,G37R,SEQSTR134,Bend,54.3,15.6855963864942,54.3,-0.181,0.731,0.3249,0.2558,0.4407,0,0,21,0,2,0,0,1
WTPTN135,SOD1,L38V,SEQSTR135,Loop or irregular,0.1,21.3559078945382,0.1,-0.595,0.642,0.3356,0.2531,0.4500,1,0,45,1,0,9,1,0
WTPTN136,SOD1,E40G,SEQSTR136,Loop or irregular,55.9,23.5501087258637,55.9,-0.595,0.682,0.2849,0.2255,0.4719,0,0,57,0,2,0,0,0
WTPTN137,SOD1,G41S,SEQSTR137,Extended beta-strand,66.0,22.1312830174845,66.0,-0.595,0.606,0.2884,0.2292,0.4875,2,1,37,2,1,0,2,1
WTPTN138,SOD1,G41S,SEQSTR138,Extended beta-strand,66.0,22.1312830174845,66.0,0.179,0.606,0.2884,0.2292,0.4875,2,1,37,2,1,0,2,1
WTPTN139,SOD1,G41S,SEQSTR139,Extended beta-strand,66.0,22.1312830174845,66.0,-0.461,0.606,0.2884,0.2292,0.4875,2,1,37,2,1,0,2,1
WTPTN140,SOD1,G41S,SEQSTR140,Extended beta-strand,66.0,22.1312830174845,66.0,-0.461,0.606,0.2884,0.2292,0.4875,2,1,37,2,1,0,2,1
WTPTN141,SOD1,G41S,SEQSTR141,Extended beta-strand,66.0,22.1312830174845,66.0,-0.461,0.606,0.2884,0.2292,0.4875,2,1,37,2,1,0,2,1
WTPTN142,SOD1,G41S,SEQSTR142,Extended beta-strand,66.0,22.1312830174845,66.0,-0.461,0.606,0.2884,0.2292,0.4875,2,1,37,2,1,0,2,1
WTPTN143,SOD1,G41S,SEQSTR143,Extended beta-strand,66.0,22.1312830174845,66.0,-0.461,0.606,0.2884,0.2292,0.4875,2,1,37,2,1,0,2,1
WTPTN144,SOD1,G41S,SEQSTR144,Extended beta-strand,66.0,22.1312830174845,66.0,-0.461,0.606,0.2884,0.2292,0.4875,2,1,37,2,1,0,2,1
WTPTN145,SOD1,G41S,SEQSTR145,Extended beta-strand,66.0,22.1312830174845,66.0,-0.461,0.606,0.2884,0.2292,0.4875,2,1,37,2,1,0,2,1
WTPTN146,SOD1,G41S,SEQSTR146,Extended beta-strand,66.0,22.1312830174845,66.0,-0.461,0.606,0.2884,0.2292,0.4875,2,1,37,2,1,0,2,1
WTPTN147,SOD1,G41S,SEQSTR147,Extended beta-strand,66.0,22.1312830174845,66.0,-0.461,0.606,0.2884,0.2292,0.4875,2,1,37,2,1,0,2,1
WTPTN148,SOD1,G41S,SEQSTR148,Extended beta-strand,66.0,22.1312830174845,66.0,-0.461,0.606,0.2884,0.2292,0.4875,2,1,37,2,1,0,2,1
WTPTN149,SOD1,G41S,SEQSTR149,Extended beta-strand,66.0,22.1312830174845,66.0,-0.461,0.606,0.2884,0.2292,0.4875,2,1,37,2,1,0,2,1
WTPTN150,SOD1,G41S,SEQSTR150,Extended beta-strand,66.0,22.1312830174845,66.0,-0.461,0.606,0.2884,0.2292,0.4875,2,1,37,2,1,0,2,1
WTPTN151,SOD1,G41S,SEQSTR151,Extended beta-strand,66.0,22.1312830174845,66.0,-0.461,0.606,0.2884,0.2292,0.4875,2,1,37,2,1,0,2,1
WTPTN152,SOD1,G41S,SEQSTR152,Extended beta-strand,66.0,22.1312830174845,66.0,-0.461,0.606,0.2884,0.2292,0.4875,2,1,37,2,1,0,2,1
WTPTN153,SOD1,G41S,SEQSTR153,Extended beta-strand,66.0,22.1312830174845,66.0,-0.461,0.606,0.2884,0.2292,0.4875,2,1,37,2,1,0,2,1
WTPTN154,SOD1,G41D,SEQSTR154,Extended beta-strand,66.0,22.1312830174845,66.0,-0.461,0.606,0.2884,0.2292,0.4875,2,1,37,2,1,0,2,1
WTPTN155,SOD1,H43R,SEQSTR155,Extended beta-strand,1.8,18.8619906425594,1.8,-0.461,0.609,0.4220,0.3491,0.5170,6,0,109,3,5,1,5,2
WTPTN156,SOD1,H43R,SEQSTR156,Extended beta-strand,1.8,18.8619906425594,1.8,-0.461,0.609,0.4220,0.3491,0.5170,6,0,109,3,5,1,5,2
WTPTN157,SOD1,F45S,SEQSTR157,Extended beta-strand,0.0,13.5192945821888,0.0,-0.539,0.651,0.4017,0.3311,0.5476,1,0,77,2,2,13,3,2
WTPTN158,SOD1,F45S,SEQSTR158,Extended beta-strand,0.0,13.5192945821888,0.0,-0.539,0.651,0.4017,0.3311,0.5476,1,0,77,2,2,13,3,2
WTPTN159,SOD1,F45C,SEQSTR159,Extended beta-strand,0.0,13.5192945821888,0.0,-0.539,0.651,0.4017,0.3311,0.5476,1,0,77,2,2,13,3,2
WTPTN160,SOD1,H46R,SEQSTR160,Extended beta-strand,0.0,12.9886788781616,0.0,-1.240,0.656,0.4725,0.3992,0.5576,5,2,50,2,1,0,3,1
WTPTN161,SOD1,H46R,SEQSTR161,Extended beta-strand,0.0,12.9886788781616,0.0,-1.240,0.656,0.4725,0.3992,0.5576,5,2,50,2,1,0,3,1
WTPTN162,SOD1,H46R,SEQSTR162,Extended beta-strand,0.0,12.9886788781616,0.0,-1.240,0.656,0.4725,0.3992,0.5576,5,2,50,2,1,0,3,1
WTPTN163,SOD1,H46R,SEQSTR163,Extended beta-strand,0.0,12.9886788781616,0.0,-1.240,0.656,0.4725,0.3992,0.5576,5,2,50,2,1,0,3,1
WTPTN164,SOD1,H46R,SEQSTR164,Extended beta-strand,0.0,12.9886788781616,0.0,-1.240,0.656,0.4725,0.3992,0.5576,5,2,50,2,1,0,3,1
WTPTN165,SOD1,H46R,SEQSTR165,Extended beta-strand,0.0,12.9886788781616,0.0,-1.240,0.656,0.4725,0.3992,0.5576,5,2,50,2,1,0,3,1
WTPTN166,SOD1,H46R,SEQSTR166,Extended beta-strand,0.0,12.9886788781616,0.0,-1.240,0.656,0.4725,0.3992,0.5576,5,2,50,2,1,0,3,1
WTPTN167,SOD1,H46R,SEQSTR167,Extended beta-strand,0.0,12.9886788781616,0.0,-1.240,0.656,0.4725,0.3992,0.5576,5,2,50,2,1,0,3,1
WTPTN168,SOD1,H46R,SEQSTR168,Extended beta-strand,0.0,12.9886788781616,0.0,-1.240,0.656,0.4725,0.3992,0.5576,5,2,50,2,1,0,3,1
WTPTN169,SOD1,H46R,SEQSTR169,Extended beta-strand,0.0,12.9886788781616,0.0,-1.240,0.656,0.4725,0.3992,0.5576,5,2,50,2,1,0,3,1
WTPTN170,SOD1,H48E,SEQSTR170,Loop or irregular,0.6,7.26192515797292,0.6,-1.177,0.714,0.3840,0.3225,0.5614,4,0,80,1,0,2,2,0
WTPTN171,SOD1,N65S,SEQSTR171,Loop or irregular,30.8,10.6988147474381,30.8,-1.206,0.646,0.6183,0.5711,0.5187,2,2,15,2,0,0,3,0
WTPTN172,SOD1,N65S,SEQSTR172,Loop or irregular,30.8,10.6988147474381,30.8,-1.206,0.646,0.6183,0.5711,0.5187,2,2,15,2,0,0,3,0
WTPTN173,SOD1,N65S,SEQSTR173,Loop or irregular,30.8,10.6988147474381,30.8,-1.206,0.646,0.6183,0.5711,0.5187,2,2,15,2,0,0,3,0
WTPTN174,SOD1,N65S,SEQSTR174,Loop or irregular,30.8,10.6988147474381,30.8,-1.206,0.646,0.6183,0.5711,0.5187,2,2,15,2,0,0,3,0
WTPTN175,SOD1,N65S,SEQSTR175,Loop or irregular,30.8,10.6988147474381,30.8,-1.206,0.646,0.6183,0.5711,0.5187,2,2,15,2,0,0,3,0
WTPTN176,SOD1,N65S,SEQSTR176,Loop or irregular,30.8,10.6988147474381,30.8,-1.206,0.646,0.6183,0.5711,0.5187,2,2,15,2,0,0,3,0
WTPTN177,SOD1,P66S,SEQSTR177,H-bonded turn,29.8,10.1761516301596,29.8,-1.156,0.587,0.6620,0.5941,0.5079,0,0,14,0,0,3,0,0
WTPTN178,SOD1,P66S,SEQSTR178,H-bonded turn,29.8,10.1761516301596,29.8,-1.156,0.587,0.6620,0.5941,0.5079,0,0,14,0,0,3,0,0
WTPTN179,SOD1,P66S,SEQSTR179,H-bonded turn,29.8,10.1761516301596,29.8,-1.156,0.587,0.6620,0.5941,0.5079,0,0,14,0,0,3,0,0
WTPTN180,SOD1,L67P,SEQSTR180,H-bonded turn,63.9,13.3203447778201,63.9,2.344,0.591,0.6806,0.6035,0.4977,0,0,19,0,1,1,0,0
WTPTN181,SOD1,L67P,SEQSTR181,H-bonded turn,63.9,13.3203447778201,63.9,2.344,0.591,0.6806,0.6035,0.4977,0,0,19,0,1,1,0,0
WTPTN182,SOD1,H71Y,SEQSTR182,Loop or irregular,0.0,18.0654268978068,0.0,-1.241,0.596,0.7916,0.6715,0.4387,5,8,149,1,2,0,7,0
WTPTN183,SOD1,H71Y,SEQSTR183,Loop or irregular,0.0,18.0654268978068,0.0,-1.241,0.596,0.7916,0.6715,0.4387,5,8,149,1,2,0,7,0
WTPTN184,SOD1,G72C,SEQSTR184,Loop or irregular,5.9,20.3856633446155,5.9,-0.993,0.6,0.7916,0.6715,0.4295,1,0,51,1,3,0,1,3
WTPTN185,SOD1,G72S,SEQSTR185,Loop or irregular,5.9,20.3856633446155,5.9,-0.993,0.6,0.7916,0.6715,0.4295,1,0,51,1,3,0,1,3
WTPTN186,SOD1,G72S,SEQSTR186,Loop or irregular,5.9,20.3856633446155,5.9,-0.993,0.6,0.7916,0.6715,0.4295,1,0,51,1,3,0,1,3
WTPTN187,SOD1,G72S,SEQSTR187,Loop or irregular,5.9,20.3856633446155,5.9,-0.993,0.6,0.7916,0.6715,0.4295,1,0,51,1,3,0,1,3
WTPTN188,SOD1,G72S,SEQSTR188,Loop or irregular,5.9,20.3856633446155,5.9,-0.993,0.6,0.7916,0.6715,0.4295,1,0,51,1,3,0,1,3
WTPTN189,SOD1,G72S,SEQSTR189,Loop or irregular,5.9,20.3856633446155,5.9,-0.993,0.6,0.7916,0.6715,0.4295,1,0,51,1,3,0,1,3
WTPTN190,SOD1,G72S,SEQSTR190,Loop or irregular,5.9,20.3856633446155,5.9,-0.993,0.6,0.7916,0.6715,0.4295,1,0,51,1,3,0,1,3
WTPTN191,SOD1,G73D,SEQSTR191,Loop or irregular,8.4,21.3185249020658,8.4,0.408,0.655,0.7629,0.6516,0.4210,1,1,16,0,0,0,1,0
WTPTN192,SOD1,D76Y,SEQSTR192,Loop or irregular,43.6,21.5931497702396,43.6,0.041,0.9,0.7718,0.6681,0.4211,2,1,34,2,1,0,2,1
WTPTN193,SOD1,D76Y,SEQSTR193,Loop or irregular,43.6,21.5931497702396,43.6,0.041,0.9,0.7718,0.6681,0.4211,2,1,34,2,1,0,2,1
WTPTN194,SOD1,D76V,SEQSTR194,Loop or irregular,43.6,21.5931497702396,43.6,0.041,0.9,0.7718,0.6681,0.4211,2,1,34,2,1,0,2,1
WTPTN195,SOD1,D76V,SEQSTR195,Loop or irregular,43.6,21.5931497702396,43.6,0.041,0.9,0.7718,0.6681,0.4211,2,1,34,2,1,0,2,1
WTPTN196,SOD1,D76V,SEQSTR196,Loop or irregular,43.6,21.5931497702396,43.6,0.041,0.9,0.7718,0.6681,0.4211,2,1,34,2,1,0,2,1
WTPTN197,SOD1,D76V,SEQSTR197,Loop or irregular,43.6,21.5931497702396,43.6,0.041,0.9,0.7718,0.6681,0.4211,2,1,34,2,1,0,2,1
WTPTN198,SOD1,D76V,SEQSTR198,Loop or irregular,43.6,21.5931497702396,43.6,0.041,0.9,0.7718,0.6681,0.4211,2,1,34,2,1,0,2,1
WTPTN199,SOD1,D76V,SEQSTR199,Loop or irregular,43.6,21.5931497702396,43.6,0.041,0.9,0.7718,0.6681,0.4211,2,1,34,2,1,0,2,1
WTPTN200,SOD1,H80A,SEQSTR200,Loop or irregular,7.2,14.7018697450358,7.2,-1.241,0.968,0.7331,0.6255,0.4521,8,5,99,2,3,3,6,5
WTPTN201,SOD1,L84V,SEQSTR201,Extended beta-strand,0.0,15.0012256832567,0.0,-0.879,0.916,0.6712,0.5846,0.4579,0,0,28,0,0,5,0,1
WTPTN202,SOD1,L84F,SEQSTR202,Extended beta-strand,0.0,15.0012256832567,0.0,-0.879,0.916,0.6712,0.5846,0.4579,0,0,28,0,0,5,0,1
WTPTN203,SOD1,L84F,SEQSTR203,Extended beta-strand,0.0,15.0012256832567,0.0,-0.879,0.916,0.6712,0.5846,0.4579,0,0,28,0,0,5,0,1
WTPTN204,SOD1,L84F,SEQSTR204,Extended beta-strand,0.0,15.0012256832567,0.0,-0.879,0.916,0.6712,0.5846,0.4579,0,0,28,0,0,5,0,1
WTPTN205,SOD1,L84F,SEQSTR205,Extended beta-strand,0.0,15.0012256832567,0.0,-0.879,0.916,0.6712,0.5846,0.4579,0,0,28,0,0,5,0,1
WTPTN206,SOD1,L84F,SEQSTR206,Extended beta-strand,0.0,15.0012256832567,0.0,-0.879,0.916,0.6712,0.5846,0.4579,0,0,28,0,0,5,0,1
WTPTN207,SOD1,L84F,SEQSTR207,Extended beta-strand,0.0,15.0012256832567,0.0,-0.879,0.916,0.6712,0.5846,0.4579,0,0,28,0,0,5,0,1
WTPTN208,SOD1,L84F,SEQSTR208,Extended beta-strand,0.0,15.0012256832567,0.0,-0.879,0.916,0.6712,0.5846,0.4579,0,0,28,0,0,5,0,1
WTPTN209,SOD1,L84F,SEQSTR209,Extended beta-strand,0.0,15.0012256832567,0.0,-0.879,0.916,0.6712,0.5846,0.4579,0,0,28,0,0,5,0,1
WTPTN210,SOD1,L84F,SEQSTR210,Extended beta-strand,0.0,15.0012256832567,0.0,-0.879,0.916,0.6712,0.5846,0.4579,0,0,28,0,0,5,0,1
WTPTN211,SOD1,L84F,SEQSTR211,Extended beta-strand,0.0,15.0012256832567,0.0,-0.879,0.916,0.6712,0.5846,0.4579,0,0,28,0,0,5,0,1
WTPTN212,SOD1,L84F,SEQSTR212,Extended beta-strand,0.0,15.0012256832567,0.0,-0.879,0.916,0.6712,0.5846,0.4579,0,0,28,0,0,5,0,1
WTPTN213,SOD1,L84F,SEQSTR213,Extended beta-strand,0.0,15.0012256832567,0.0,-0.879,0.916,0.6712,0.5846,0.4579,0,0,28,0,0,5,0,1
WTPTN214,SOD1,L84F,SEQSTR214,Extended beta-strand,0.0,15.0012256832567,0.0,-0.879,0.916,0.6712,0.5846,0.4579,0,0,28,0,0,5,0,1
WTPTN215,SOD1,L84F,SEQSTR215,Extended beta-strand,0.0,15.0012256832567,0.0,-0.879,0.916,0.6712,0.5846,0.4579,0,0,28,0,0,5,0,1
WTPTN216,SOD1,L84F,SEQSTR216,Extended beta-strand,0.0,15.0012256832567,0.0,-0.879,0.916,0.6712,0.5846,0.4579,0,0,28,0,0,5,0,1
WTPTN217,SOD1,L84F,SEQSTR217,Extended beta-strand,0.0,15.0012256832567,0.0,-0.879,0.916,0.6712,0.5846,0.4579,0,0,28,0,0,5,0,1
WTPTN218,SOD1,L84F,SEQSTR218,Extended beta-strand,0.0,15.0012256832567,0.0,-0.879,0.916,0.6712,0.5846,0.4579,0,0,28,0,0,5,0,1
WTPTN219,SOD1,L84F,SEQSTR219,Extended beta-strand,0.0,15.0012256832567,0.0,-0.879,0.916,0.6712,0.5846,0.4579,0,0,28,0,0,5,0,1
WTPTN220,SOD1,G85S,SEQSTR220,Extended beta-strand,1.5,19.5340025852358,6.1,-0.963,0.904,0.5951,0.5331,0.4571,0,0,3,0,0,0,0,0
WTPTN221,SOD1,G85R,SEQSTR221,Extended beta-strand,1.5,19.5340025852358,6.1,-0.963,0.904,0.5951,0.5331,0.4571,0,0,3,0,0,0,0,0
WTPTN222,SOD1,N86S,SEQSTR222,Extended beta-strand,10.7,20.2357974639005,11.2,-1.225,0.911,0.6136,0.5473,0.4571,0,0,1,0,0,0,0,0
WTPTN223,SOD1,N86S,SEQSTR223,Extended beta-strand,10.7,20.2357974639005,11.2,-1.225,0.911,0.6136,0.5473,0.4571,0,0,1,0,0,0,0,0
WTPTN224,SOD1,N86S,SEQSTR224,Extended beta-strand,10.7,20.2357974639005,11.2,-1.225,0.911,0.6136,0.5473,0.4571,0,0,1,0,0,0,0,0
WTPTN225,SOD1,N86S,SEQSTR225,Extended beta-strand,10.7,20.2357974639005,11.2,-1.225,0.911,0.6136,0.5473,0.4571,0,0,1,0,0,0,0,0
WTPTN226,SOD1,N86S,SEQSTR226,Extended beta-strand,10.7,20.2357974639005,11.2,-1.225,0.911,0.6136,0.5473,0.4571,0,0,1,0,0,0,0,0
WTPTN227,SOD1,N86K,SEQSTR227,Extended beta-strand,10.7,20.2357974639005,11.2,-1.225,0.911,0.6136,0.5473,0.4571,0,0,1,0,0,0,0,0
WTPTN228,SOD1,D90A,SEQSTR228,Loop or irregular,70.9,20.4966363094045,70.9,0.266,0.92,0.4369,0.4149,0.4652,0,0,27,0,1,0,0,2
WTPTN229,SOD1,D90A,SEQSTR229,Loop or irregular,70.9,20.4966363094045,70.9,0.266,0.92,0.4369,0.4149,0.4652,0,0,27,0,1,0,0,2
WTPTN230,SOD1,D90A,SEQSTR230,Loop or irregular,70.9,20.4966363094045,70.9,0.266,0.92,0.4369,0.4149,0.4652,0,0,27,0,1,0,0,2
WTPTN231,SOD1,D90A,SEQSTR231,Loop or irregular,70.9,20.4966363094045,70.9,0.266,0.92,0.4369,0.4149,0.4652,0,0,27,0,1,0,0,2
WTPTN232,SOD1,D90A,SEQSTR232,Loop or irregular,70.9,20.4966363094045,70.9,0.266,0.92,0.4369,0.4149,0.4652,0,0,27,0,1,0,0,2
WTPTN233,SOD1,D90A,SEQSTR233,Loop or irregular,70.9,20.4966363094045,70.9,0.266,0.92,0.4369,0.4149,0.4652,0,0,27,0,1,0,0,2
WTPTN234,SOD1,D90A,SEQSTR234,Loop or irregular,70.9,20.4966363094045,70.9,0.266,0.92,0.4369,0.4149,0.4652,0,0,27,0,1,0,0,2
WTPTN235,SOD1,D90A,SEQSTR235,Loop or irregular,70.9,20.4966363094045,70.9,0.266,0.92,0.4369,0.4149,0.4652,0,0,27,0,1,0,0,2
WTPTN236,SOD1,D90A,SEQSTR236,Loop or irregular,70.9,20.4966363094045,70.9,0.266,0.92,0.4369,0.4149,0.4652,0,0,27,0,1,0,0,2
WTPTN237,SOD1,D90A,SEQSTR237,Loop or irregular,70.9,20.4966363094045,70.9,0.266,0.92,0.4369,0.4149,0.4652,0,0,27,0,1,0,0,2
WTPTN238,SOD1,D90A,SEQSTR238,Loop or irregular,70.9,20.4966363094045,70.9,0.266,0.92,0.4369,0.4149,0.4652,0,0,27,0,1,0,0,2
WTPTN239,SOD1,D90A,SEQSTR239,Loop or irregular,70.9,20.4966363094045,70.9,0.266,0.92,0.4369,0.4149,0.4652,0,0,27,0,1,0,0,2
WTPTN240,SOD1,D90A,SEQSTR240,Loop or irregular,70.9,20.4966363094045,70.9,0.266,0.92,0.4369,0.4149,0.4652,0,0,27,0,1,0,0,2
WTPTN241,SOD1,D90A,SEQSTR241,Loop or irregular,70.9,20.4966363094045,70.9,0.266,0.92,0.4369,0.4149,0.4652,0,0,27,0,1,0,0,2
WTPTN242,SOD1,D90A,SEQSTR242,Loop or irregular,70.9,20.4966363094045,70.9,0.266,0.92,0.4369,0.4149,0.4652,0,0,27,0,1,0,0,2
WTPTN243,SOD1,D90A,SEQSTR243,Loop or irregular,70.9,20.4966363094045,70.9,0.266,0.92,0.4369,0.4149,0.4652,0,0,27,0,1,0,0,2
WTPTN244,SOD1,D90A,SEQSTR244,Loop or irregular,70.9,20.4966363094045,70.9,0.266,0.92,0.4369,0.4149,0.4652,0,0,27,0,1,0,0,2
WTPTN245,SOD1,D90A,SEQSTR245,Loop or irregular,70.9,20.4966363094045,70.9,0.266,0.92,0.4369,0.4149,0.4652,0,0,27,0,1,0,0,2
WTPTN246,SOD1,D90A,SEQSTR246,Loop or irregular,70.9,20.4966363094045,70.9,0.266,0.92,0.4369,0.4149,0.4652,0,0,27,0,1,0,0,2
WTPTN247,SOD1,D90A,SEQSTR247,Loop or irregular,70.9,20.4966363094045,70.9,0.266,0.92,0.4369,0.4149,0.4652,0,0,27,0,1,0,0,2
WTPTN248,SOD1,D90A,SEQSTR248,Loop or irregular,70.9,20.4966363094045,70.9,0.266,0.92,0.4369,0.4149,0.4652,0,0,27,0,1,0,0,2
WTPTN249,SOD1,D90A,SEQSTR249,Loop or irregular,70.9,20.4966363094045,70.9,0.266,0.92,0.4369,0.4149,0.4652,0,0,27,0,1,0,0,2
WTPTN250,SOD1,D90A,SEQSTR250,Loop or irregular,70.9,20.4966363094045,70.9,0.266,0.92,0.4369,0.4149,0.4652,0,0,27,0,1,0,0,2
WTPTN251,SOD1,D90A,SEQSTR251,Loop or irregular,70.9,20.4966363094045,70.9,0.266,0.92,0.4369,0.4149,0.4652,0,0,27,0,1,0,0,2
WTPTN252,SOD1,D90A,SEQSTR252,Loop or irregular,70.9,20.4966363094045,70.9,0.266,0.92,0.4369,0.4149,0.4652,0,0,27,0,1,0,0,2
WTPTN253,SOD1,D90A,SEQSTR253,Loop or irregular,70.9,20.4966363094045,70.9,0.266,0.92,0.4369,0.4149,0.4652,0,0,27,0,1,0,0,2
WTPTN254,SOD1,D90A,SEQSTR254,Loop or irregular,70.9,20.4966363094045,70.9,0.266,0.92,0.4369,0.4149,0.4652,0,0,27,0,1,0,0,2
WTPTN255,SOD1,D90A,SEQSTR255,Loop or irregular,70.9,20.4966363094045,70.9,0.266,0.92,0.4369,0.4149,0.4652,0,0,27,0,1,0,0,2
WTPTN256,SOD1,D90A,SEQSTR256,Loop or irregular,70.9,20.4966363094045,70.9,0.266,0.92,0.4369,0.4149,0.4652,0,0,27,0,1,0,0,2
WTPTN257,SOD1,D90A,SEQSTR257,Loop or irregular,70.9,20.4966363094045,70.9,0.266,0.92,0.4369,0.4149,0.4652,0,0,27,0,1,0,0,2
WTPTN258,SOD1,D90A,SEQSTR258,Loop or irregular,70.9,20.4966363094045,70.9,0.266,0.92,0.4369,0.4149,0.4652,0,0,27,0,1,0,0,2
WTPTN259,SOD1,D90A,SEQSTR259,Loop or irregular,70.9,20.4966363094045,70.9,0.266,0.92,0.4369,0.4149,0.4652,0,0,27,0,1,0,0,2
WTPTN260,SOD1,D90A,SEQSTR260,Loop or irregular,70.9,20.4966363094045,70.9,0.266,0.92,0.4369,0.4149,0.4652,0,0,27,0,1,0,0,2
WTPTN261,SOD1,D90A,SEQSTR261,Loop or irregular,70.9,20.4966363094045,70.9,0.266,0.92,0.4369,0.4149,0.4652,0,0,27,0,1,0,0,2
WTPTN262,SOD1,D90A,SEQSTR262,Loop or irregular,70.9,20.4966363094045,70.9,0.266,0.92,0.4369,0.4149,0.4652,0,0,27,0,1,0,0,2
WTPTN263,SOD1,D90A,SEQSTR263,Loop or irregular,70.9,20.4966363094045,70.9,0.266,0.92,0.4369,0.4149,0.4652,0,0,27,0,1,0,0,2
WTPTN264,SOD1,D90A,SEQSTR264,Loop or irregular,70.9,20.4966363094045,70.9,0.266,0.92,0.4369,0.4149,0.4652,0,0,27,0,1,0,0,2
WTPTN265,SOD1,D90A,SEQSTR265,Loop or irregular,70.9,20.4966363094045,70.9,0.266,0.92,0.4369,0.4149,0.4652,0,0,27,0,1,0,0,2
WTPTN266,SOD1,D90A,SEQSTR266,Loop or irregular,70.9,20.4966363094045,70.9,0.266,0.92,0.4369,0.4149,0.4652,0,0,27,0,1,0,0,2
WTPTN267,SOD1,D90A,SEQSTR267,Loop or irregular,70.9,20.4966363094045,70.9,0.266,0.92,0.4369,0.4149,0.4652,0,0,27,0,1,0,0,2
WTPTN268,SOD1,D90A,SEQSTR268,Loop or irregular,70.9,20.4966363094045,70.9,0.266,0.92,0.4369,0.4149,0.4652,0,0,27,0,1,0,0,2
WTPTN269,SOD1,D90A,SEQSTR269,Loop or irregular,70.9,20.4966363094045,70.9,0.266,0.92,0.4369,0.4149,0.4652,0,0,27,0,1,0,0,2
WTPTN270,SOD1,D90A,SEQSTR270,Loop or irregular,70.9,20.4966363094045,70.9,0.266,0.92,0.4369,0.4149,0.4652,0,0,27,0,1,0,0,2
WTPTN271,SOD1,D90A,SEQSTR271,Loop or irregular,70.9,20.4966363094045,70.9,0.266,0.92,0.4369,0.4149,0.4652,0,0,27,0,1,0,0,2
WTPTN272,SOD1,D90A,SEQSTR272,Loop or irregular,70.9,20.4966363094045,70.9,0.266,0.92,0.4369,0.4149,0.4652,0,0,27,0,1,0,0,2
WTPTN273,SOD1,D90A,SEQSTR273,Loop or irregular,70.9,20.4966363094045,70.9,0.266,0.92,0.4369,0.4149,0.4652,0,0,27,0,1,0,0,2
WTPTN274,SOD1,D90A,SEQSTR274,Loop or irregular,70.9,20.4966363094045,70.9,0.266,0.92,0.4369,0.4149,0.4652,0,0,27,0,1,0,0,2
WTPTN275,SOD1,D90A,SEQSTR275,Loop or irregular,70.9,20.4966363094045,70.9,0.266,0.92,0.4369,0.4149,0.4652,0,0,27,0,1,0,0,2
WTPTN276,SOD1,D90A,SEQSTR276,Loop or irregular,70.9,20.4966363094045,70.9,0.266,0.92,0.4369,0.4149,0.4652,0,0,27,0,1,0,0,2
WTPTN277,SOD1,D90A,SEQSTR277,Loop or irregular,70.9,20.4966363094045,70.9,0.266,0.92,0.4369,0.4149,0.4652,0,0,27,0,1,0,0,2
WTPTN278,SOD1,D90A,SEQSTR278,Loop or irregular,70.9,20.4966363094045,70.9,0.266,0.92,0.4369,0.4149,0.4652,0,0,27,0,1,0,0,2
WTPTN279,SOD1,D90N,SEQSTR279,Loop or irregular,70.9,20.4966363094045,70.9,0.266,0.92,0.4369,0.4149,0.4652,0,0,27,0,1,0,0,2
WTPTN280,SOD1,D90V,SEQSTR280,Loop or irregular,70.9,20.4966363094045,70.9,0.266,0.92,0.4369,0.4149,0.4652,0,0,27,0,1,0,0,2
WTPTN281,SOD1,D90V,SEQSTR281,Loop or irregular,70.9,20.4966363094045,70.9,0.266,0.92,0.4369,0.4149,0.4652,0,0,27,0,1,0,0,2
WTPTN282,SOD1,D90V,SEQSTR282,Loop or irregular,70.9,20.4966363094045,70.9,0.266,0.92,0.4369,0.4149,0.4652,0,0,27,0,1,0,0,2
WTPTN283,SOD1,D90V,SEQSTR283,Loop or irregular,70.9,20.4966363094045,70.9,0.266,0.92,0.4369,0.4149,0.4652,0,0,27,0,1,0,0,2
WTPTN284,SOD1,D92G,SEQSTR284,Loop or irregular,89.4,19.3629174712903,89.4,0.635,0.879,0.4901,0.4600,0.4702,0,0,24,0,1,0,1,0
WTPTN285,SOD1,G93A,SEQSTR285,Loop or irregular,15.5,17.5030924410517,15.5,-0.698,0.896,0.4409,0.4116,0.4785,0,0,24,0,1,0,1,0
WTPTN286,SOD1,G93D,SEQSTR286,Loop or irregular,15.5,17.5030924410517,15.5,-0.698,0.896,0.4409,0.4116,0.4785,0,0,24,0,1,0,1,0
WTPTN287,SOD1,G93D,SEQSTR287,Loop or irregular,15.5,17.5030924410517,15.5,-0.698,0.896,0.4409,0.4116,0.4785,2,0,21,1,0,1,2,0
WTPTN288,SOD1,G93D,SEQSTR288,Loop or irregular,15.5,17.5030924410517,15.5,-0.698,0.896,0.4409,0.4116,0.4785,3,1,48,3,2,0,4,3
WTPTN289,SOD1,G93D,SEQSTR289,Loop or irregular,15.5,17.5030924410517,15.5,-0.698,0.896,0.4409,0.4116,0.4785,3,1,48,3,2,0,4,3
WTPTN290,SOD1,G93D,SEQSTR290,Loop or irregular,15.5,17.5030924410517,15.5,-0.698,0.896,0.4409,0.4116,0.4785,3,1,48,3,2,0,4,3
WTPTN291,SOD1,G93D,SEQSTR291,Loop or irregular,15.5,17.5030924410517,15.5,-0.698,0.896,0.4409,0.4116,0.4785,3,1,48,3,2,0,4,3
WTPTN292,SOD1,G93D,SEQSTR292,Loop or irregular,15.5,17.5030924410517,15.5,-0.698,0.896,0.4409,0.4116,0.4785,3,1,48,3,2,0,4,3
WTPTN293,SOD1,G93D,SEQSTR293,Loop or irregular,15.5,17.5030924410517,15.5,-0.698,0.896,0.4409,0.4116,0.4785,3,1,48,3,2,0,4,3
WTPTN294,SOD1,G93D,SEQSTR294,Loop or irregular,15.5,17.5030924410517,15.5,-0.698,0.896,0.4409,0.4116,0.4785,3,1,48,3,2,0,4,3
WTPTN295,SOD1,G93D,SEQSTR295,Loop or irregular,15.5,17.5030924410517,15.5,-0.698,0.896,0.4409,0.4116,0.4785,3,1,48,3,2,0,4,3
WTPTN296,SOD1,G93D,SEQSTR296,Loop or irregular,15.5,17.5030924410517,15.5,-0.698,0.896,0.4409,0.4116,0.4785,3,1,48,3,2,0,4,3
WTPTN297,SOD1,G93D,SEQSTR297,Loop or irregular,15.5,17.5030924410517,15.5,-0.698,0.896,0.4409,0.4116,0.4785,3,1,48,3,2,0,4,3
WTPTN298,SOD1,G93D,SEQSTR298,Loop or irregular,15.5,17.5030924410517,15.5,-0.698,0.896,0.4409,0.4116,0.4785,3,1,48,3,2,0,4,3
WTPTN299,SOD1,G93S,SEQSTR299,Loop or irregular,15.5,17.5030924410517,15.5,-0.698,0.896,0.4409,0.4116,0.4785,3,1,48,3,2,0,4,3
WTPTN300,SOD1,G93S,SEQSTR300,Loop or irregular,15.5,17.5030924410517,15.5,-0.698,0.896,0.4409,0.4116,0.4785,3,1,48,3,2,0,4,3
WTPTN301,SOD1,G93S,SEQSTR301,Loop or irregular,15.5,17.5030924410517,15.5,-0.698,0.896,0.4409,0.4116,0.4785,3,1,48,3,2,0,4,3
WTPTN302,SOD1,G93S,SEQSTR302,Loop or irregular,15.5,17.5030924410517,15.5,-0.698,0.896,0.4409,0.4116,0.4785,3,1,48,3,2,0,4,3
WTPTN303,SOD1,G93S,SEQSTR303,Loop or irregular,15.5,17.5030924410517,15.5,-0.698,0.896,0.4409,0.4116,0.4785,3,1,48,3,2,0,4,3
WTPTN304,SOD1,G93V,SEQSTR304,Loop or irregular,15.5,17.5030924410517,15.5,-0.698,0.896,0.4409,0.4116,0.4785,3,1,48,3,2,0,4,3
WTPTN305,SOD1,G93V,SEQSTR305,Loop or irregular,15.5,17.5030924410517,15.5,-0.698,0.896,0.4409,0.4116,0.4785,3,1,48,3,2,0,4,3
WTPTN306,SOD1,A95T,SEQSTR306,Extended beta-strand,0.0,14.1710221579108,0.0,-0.406,0.914,0.4292,0.3885,0.4974,3,1,48,3,2,0,4,3
WTPTN307,SOD1,A95T,SEQSTR307,Extended beta-strand,0.0,14.1710221579108,0.0,-0.406,0.914,0.4292,0.3885,0.4974,3,1,48,3,2,0,4,3
WTPTN308,SOD1,D96N,SEQSTR308,Loop or irregular,88.3,14.7488000189846,88.3,2.483,0.902,0.3631,0.3096,0.5069,3,1,48,3,2,0,4,3
WTPTN309,SOD1,D96N,SEQSTR309,Loop or irregular,88.3,14.7488000189846,88.3,2.483,0.902,0.3631,0.3096,0.5069,0,1,44,0,1,4,0,2
WTPTN310,SOD1,D96N,SEQSTR310,Loop or irregular,88.3,14.7488000189846,88.3,2.483,0.902,0.3631,0.3096,0.5069,0,1,44,0,1,4,0,2
WTPTN311,SOD1,I99V,SEQSTR311,Extended beta-strand,21.3,16.8819943430864,21.3,0.369,0.921,0.4149,0.3668,0.5245,2,0,28,2,0,0,2,0
WTPTN312,SOD1,E100G,SEQSTR312,Extended beta-strand,77.8,19.1246765462844,77.8,1.575,0.986,0.4507,0.3992,0.5255,0,1,23,0,1,0,0,1
WTPTN313,SOD1,E100K,SEQSTR313,Extended beta-strand,77.8,19.1246765462844,77.8,1.575,0.986,0.4507,0.3992,0.5255,0,1,23,0,1,0,0,1
WTPTN314,SOD1,D101T,SEQSTR314,Loop or irregular,9.0,16.2909662389927,9.0,-0.658,0.951,0.3529,0.3359,0.5263,4,1,69,6,2,2,5,1
WTPTN315,SOD1,D101H,SEQSTR315,Loop or irregular,9.0,16.2909662389927,9.0,-0.658,0.951,0.3529,0.3359,0.5263,4,1,69,6,2,2,5,1
WTPTN316,SOD1,D101N,SEQSTR316,Extended beta-strand,9.0,16.2909662389927,9.0,-0.658,0.951,0.3529,0.3359,0.5263,4,1,69,6,2,2,5,1
WTPTN317,SOD1,I104F,SEQSTR317,Loop or irregular,0.0,12.4781773508794,0.0,-0.271,0.958,0.2193,0.2209,0.5311,0,0,38,0,0,12,0,0
WTPTN318,SOD1,I104F,SEQSTR318,Loop or irregular,0.0,12.4781773508794,0.0,-0.271,0.958,0.2193,0.2209,0.5311,0,0,38,0,0,12,0,0
WTPTN319,SOD1,I104F,SEQSTR319,Loop or irregular,0.0,12.4781773508794,0.0,-0.271,0.958,0.2193,0.2209,0.5311,0,0,38,0,0,12,0,0
WTPTN320,SOD1,I104F,SEQSTR320,Loop or irregular,0.0,12.4781773508794,0.0,-0.271,0.958,0.2193,0.2209,0.5311,0,0,38,0,0,12,0,0
WTPTN321,SOD1,I104F,SEQSTR321,Loop or irregular,0.0,12.4781773508794,0.0,-0.271,0.958,0.2193,0.2209,0.5311,0,0,38,0,0,12,0,0
WTPTN322,SOD1,S105L,SEQSTR322,Isolated beta-bridge,11.6,9.86618365934873,11.6,0.055,0.92,0.2715,0.2602,0.5252,0,1,44,2,0,0,3,1
WTPTN323,SOD1,S105L,SEQSTR323,Isolated beta-bridge,11.6,9.86618365934873,11.6,0.055,0.92,0.2715,0.2602,0.5252,0,1,44,2,0,0,3,1
WTPTN324,SOD1,S105L,SEQSTR324,Isolated beta-bridge,11.6,9.86618365934873,11.6,0.055,0.92,0.2715,0.2602,0.5252,0,1,44,2,0,0,3,1
WTPTN325,SOD1,S105L,SEQSTR325,Isolated beta-bridge,11.6,9.86618365934873,11.6,0.055,0.92,0.2715,0.2602,0.5252,0,1,44,2,0,0,3,1
WTPTN326,SOD1,L106F,SEQSTR326,Bend,0.0,8.72872946080928,0.0,-0.846,0.87,0.2951,0.2748,0.5150,1,0,55,0,0,14,0,0
WTPTN327,SOD1,L106F,SEQSTR327,Bend,0.0,8.72872946080928,0.0,-0.846,0.87,0.2951,0.2748,0.5150,1,0,55,0,0,14,0,0
WTPTN328,SOD1,L106F,SEQSTR328,Bend,0.0,8.72872946080928,0.0,-0.846,0.87,0.2951,0.2748,0.5150,1,0,55,0,0,14,0,0
WTPTN329,SOD1,L106F,SEQSTR329,Bend,0.0,8.72872946080928,0.0,-0.846,0.87,0.2951,0.2748,0.5150,1,0,55,0,0,14,0,0
WTPTN330,SOD1,L106F,SEQSTR330,Bend,0.0,8.72872946080928,0.0,-0.846,0.87,0.2951,0.2748,0.5150,1,0,55,0,0,14,0,0
WTPTN331,SOD1,L106F,SEQSTR331,Bend,0.0,8.72872946080928,0.0,-0.846,0.87,0.2951,0.2748,0.5150,1,0,55,0,0,14,0,0
WTPTN332,SOD1,L106F,SEQSTR332,Bend,0.0,8.72872946080928,0.0,-0.846,0.87,0.2951,0.2748,0.5150,1,0,55,0,0,14,0,0
WTPTN333,SOD1,L106F,SEQSTR333,Bend,0.0,8.72872946080928,0.0,-0.846,0.87,0.2951,0.2748,0.5150,1,0,55,0,0,14,0,0
WTPTN334,SOD1,L106V,SEQSTR334,Bend,0.0,8.72872946080928,0.0,-0.846,0.87,0.2951,0.2748,0.5150,1,0,55,0,0,14,0,0
WTPTN335,SOD1,L106V,SEQSTR335,Bend,0.0,8.72872946080928,0.0,-0.846,0.87,0.2951,0.2748,0.5150,1,0,55,0,0,14,0,0
WTPTN336,SOD1,L106V,SEQSTR336,Bend,0.0,8.72872946080928,0.0,-0.846,0.87,0.2951,0.2748,0.5150,1,0,55,0,0,14,0,0
WTPTN337,SOD1,L106V,SEQSTR337,Bend,0.0,8.72872946080928,0.0,-0.846,0.87,0.2951,0.2748,0.5150,1,0,55,0,0,14,0,0
WTPTN338,SOD1,L106V,SEQSTR338,Bend,0.0,8.72872946080928,0.0,-0.846,0.87,0.2951,0.2748,0.5150,1,0,55,0,0,14,0,0
WTPTN339,SOD1,L106V,SEQSTR339,Bend,0.0,8.72872946080928,0.0,-0.846,0.87,0.2951,0.2748,0.5150,1,0,55,0,0,14,0,0
WTPTN340,SOD1,L106V,SEQSTR340,Bend,0.0,8.72872946080928,0.0,-0.846,0.87,0.2951,0.2748,0.5150,1,0,55,0,0,14,0,0
WTPTN341,SOD1,L106V,SEQSTR341,Bend,0.0,8.72872946080928,0.0,-0.846,0.87,0.2951,0.2748,0.5150,1,0,55,0,0,14,0,0
WTPTN342,SOD1,L106V,SEQSTR342,Bend,0.0,8.72872946080928,0.0,-0.846,0.87,0.2951,0.2748,0.5150,1,0,55,0,0,14,0,0
WTPTN343,SOD1,L106V,SEQSTR343,Bend,0.0,8.72872946080928,0.0,-0.846,0.87,0.2951,0.2748,0.5150,1,0,55,0,0,14,0,0
WTPTN344,SOD1,L106V,SEQSTR344,Bend,0.0,8.72872946080928,0.0,-0.846,0.87,0.2951,0.2748,0.5150,1,0,55,0,0,14,0,0
WTPTN345,SOD1,L106V,SEQSTR345,Bend,0.0,8.72872946080928,0.0,-0.846,0.87,0.2951,0.2748,0.5150,1,0,55,0,0,14,0,0
WTPTN346,SOD1,L106V,SEQSTR346,Bend,0.0,8.72872946080928,0.0,-0.846,0.87,0.2951,0.2748,0.5150,1,0,55,0,0,14,0,0
WTPTN347,SOD1,L106V,SEQSTR347,Bend,0.0,8.72872946080928,0.0,-0.846,0.87,0.2951,0.2748,0.5150,1,0,55,0,0,14,0,0
WTPTN348,SOD1,L106V,SEQSTR348,Bend,0.0,8.72872946080928,0.0,-0.846,0.87,0.2951,0.2748,0.5150,1,0,55,0,0,14,0,0
WTPTN349,SOD1,L106V,SEQSTR349,Bend,0.0,8.72872946080928,0.0,-0.846,0.87,0.2951,0.2748,0.5150,1,0,55,0,0,14,0,0
WTPTN350,SOD1,L106V,SEQSTR350,Bend,0.0,8.72872946080928,0.0,-0.846,0.87,0.2951,0.2748,0.5150,1,0,55,0,0,14,0,0
WTPTN351,SOD1,L106V,SEQSTR351,Bend,0.0,8.72872946080928,0.0,-0.846,0.87,0.2951,0.2748,0.5150,1,0,55,0,0,14,0,0
WTPTN352,SOD1,L106V,SEQSTR352,Bend,0.0,8.72872946080928,0.0,-0.846,0.87,0.2951,0.2748,0.5150,1,0,55,0,0,14,0,0
WTPTN353,SOD1,L106V,SEQSTR353,Bend,0.0,8.72872946080928,0.0,-0.846,0.87,0.2951,0.2748,0.5150,1,0,55,0,0,14,0,0
WTPTN354,SOD1,L106V,SEQSTR354,Bend,0.0,8.72872946080928,0.0,-0.846,0.87,0.2951,0.2748,0.5150,1,0,55,0,0,14,0,0
WTPTN355,SOD1,L106V,SEQSTR355,Bend,0.0,8.72872946080928,0.0,-0.846,0.87,0.2951,0.2748,0.5150,1,0,55,0,0,14,0,0
WTPTN356,SOD1,L106V,SEQSTR356,Bend,0.0,8.72872946080928,0.0,-0.846,0.87,0.2951,0.2748,0.5150,1,0,55,0,0,14,0,0
WTPTN357,SOD1,L106V,SEQSTR357,Bend,0.0,8.72872946080928,0.0,-0.846,0.87,0.2951,0.2748,0.5150,1,0,55,0,0,14,0,0
WTPTN358,SOD1,D109Y,SEQSTR358,Isolated beta-bridge,102.8,8.1317868270141,102.8,2.534,0.825,0.1823,0.1732,0.4899,0,0,6,0,1,0,0,0
WTPTN359,SOD1,C111Y,SEQSTR359,Loop or irregular,26.4,5.60220197779409,26.4,-0.587,0.812,0.2609,0.2385,0.4803,2,3,42,3,2,0,2,1
WTPTN360,SOD1,I113T,SEQSTR360,H-bonded turn,9.9,3.67457208393032,20.0,-0.034,0.801,0.2258,0.1921,0.4668,0,1,58,0,1,7,0,0
WTPTN361,SOD1,I113T,SEQSTR361,H-bonded turn,9.9,3.67457208393032,20.0,-0.034,0.801,0.2258,0.1921,0.4668,0,1,58,0,1,7,0,0
WTPTN362,SOD1,I113T,SEQSTR362,H-bonded turn,9.9,3.67457208393032,20.0,-0.034,0.801,0.2258,0.1921,0.4668,0,1,58,0,1,7,0,0
WTPTN363,SOD1,I113T,SEQSTR363,H-bonded turn,9.9,3.67457208393032,20.0,-0.034,0.801,0.2258,0.1921,0.4668,0,1,58,0,1,7,0,0
WTPTN364,SOD1,I113T,SEQSTR364,H-bonded turn,9.9,3.67457208393032,20.0,-0.034,0.801,0.2258,0.1921,0.4668,0,1,58,0,1,7,0,0
WTPTN365,SOD1,I113T,SEQSTR365,H-bonded turn,9.9,3.67457208393032,20.0,-0.034,0.801,0.2258,0.1921,0.4668,0,1,58,0,1,7,0,0
WTPTN366,SOD1,I113T,SEQSTR366,H-bonded turn,9.9,3.67457208393032,20.0,-0.034,0.801,0.2258,0.1921,0.4668,0,1,58,0,1,7,0,0
WTPTN367,SOD1,I113F,SEQSTR367,H-bonded turn,9.9,3.67457208393032,20.0,-0.034,0.801,0.2258,0.1921,0.4668,0,1,58,0,1,7,0,0
WTPTN368,SOD1,R115G,SEQSTR368,Loop or irregular,17.1,3.62488248085369,31.1,-1.048,0.82,0.3599,0.3184,0.4519,1,3,89,2,2,2,3,3
WTPTN369,SOD1,R115G,SEQSTR369,Loop or irregular,17.1,3.62488248085369,31.1,-1.048,0.82,0.3599,0.3184,0.4519,1,3,89,2,2,2,3,3
WTPTN370,SOD1,R115G,SEQSTR370,Loop or irregular,17.1,3.62488248085369,31.1,-1.048,0.82,0.3599,0.3184,0.4519,1,3,89,2,2,2,3,3
WTPTN371,SOD1,R115G,SEQSTR371,Loop or irregular,17.1,3.62488248085369,31.1,-1.048,0.82,0.3599,0.3184,0.4519,1,3,89,2,2,2,3,3
WTPTN372,SOD1,R115C,SEQSTR372,Loop or irregular,17.1,3.62488248085369,31.1,-1.048,0.82,0.3599,0.3184,0.4519,1,3,89,2,2,2,3,3
WTPTN373,SOD1,V118L,SEQSTR373,Extended beta-strand,0.0,11.7260450706963,0.0,-0.891,0.844,0.3566,0.3005,0.4428,0,0,30,0,0,0,0,0
WTPTN374,SOD1,V118K,SEQSTR374,Extended beta-strand,0.0,11.7260450706963,0.0,-0.891,0.844,0.3566,0.3005,0.4428,0,0,30,0,0,0,0,0
WTPTN375,SOD1,V119F,SEQSTR375,Loop or irregular,0.0,14.8760403669794,0.0,-0.608,0.859,0.3529,0.2963,0.4393,0,0,15,0,0,4,0,0
WTPTN376,SOD1,E121G,SEQSTR376,Loop or irregular,45.6,19.4325041361117,45.6,-0.066,0.869,0.3392,0.2700,0.4343,0,0,17,1,0,2,1,0
WTPTN377,SOD1,E121G,SEQSTR377,Loop or irregular,45.6,19.4325041361117,45.6,-0.066,0.869,0.3392,0.2700,0.4343,0,0,17,1,0,2,1,0
WTPTN378,SOD1,E121G,SEQSTR378,Loop or irregular,45.6,19.4325041361117,45.6,-0.066,0.869,0.3392,0.2700,0.4343,0,0,17,1,0,2,1,0
WTPTN379,SOD1,E121G,SEQSTR379,Loop or irregular,45.6,19.4325041361117,45.6,-0.066,0.869,0.3392,0.2700,0.4343,0,0,17,1,0,2,1,0
WTPTN380,SOD1,D124V,SEQSTR380,Loop or irregular,0.0,20.4186214275107,0.0,-1.240,0.83,0.6269,0.4651,0.4317,5,0,93,2,3,2,4,3
WTPTN381,SOD1,D125H,SEQSTR381,H-bonded turn,41.1,23.3724723125304,41.1,-1.223,0.8,0.6322,0.4600,0.4311,3,1,40,2,1,0,2,1
WTPTN382,SOD1,L126S,SEQSTR382,H-bonded turn,33.7,23.693816514019,43.5,-0.567,0.793,0.6227,0.4651,0.4300,2,0,30,1,1,0,2,0
WTPTN383,SOD1,L126S,SEQSTR383,H-bonded turn,33.7,23.693816514019,43.5,-0.567,0.793,0.6227,0.4651,0.4300,2,0,30,1,1,0,2,0
WTPTN384,SOD1,L126S,SEQSTR384,H-bonded turn,33.7,23.693816514019,43.5,-0.567,0.793,0.6227,0.4651,0.4300,2,0,30,1,1,0,2,0
WTPTN385,SOD1,L126S,SEQSTR385,H-bonded turn,33.7,23.693816514019,43.5,-0.567,0.793,0.6227,0.4651,0.4300,2,0,30,1,1,0,2,0
WTPTN386,SOD1,L126S,SEQSTR386,H-bonded turn,33.7,23.693816514019,43.5,-0.567,0.793,0.6227,0.4651,0.4300,2,0,30,1,1,0,2,0
WTPTN387,SOD1,L126S,SEQSTR387,H-bonded turn,33.7,23.693816514019,43.5,-0.567,0.793,0.6227,0.4651,0.4300,2,0,30,1,1,0,2,0
WTPTN388,SOD1,L126S,SEQSTR388,H-bonded turn,33.7,23.693816514019,43.5,-0.567,0.793,0.6227,0.4651,0.4300,2,0,30,1,1,0,2,0
WTPTN389,SOD1,S134T,SEQSTR389,Alpha-helix,0.9,20.6902243825436,0.9,-1.086,0.873,0.7369,0.5473,0.4300,4,2,36,2,0,0,4,2
WTPTN390,SOD1,T137R,SEQSTR390,Alpha-helix,43.8,14.8626991492124,61.9,-0.774,0.846,0.6576,0.5253,0.4161,2,0,21,1,0,0,1,0
WTPTN391,SOD1,T137A,SEQSTR391,Alpha-helix,43.8,14.8626991492124,61.9,-0.774,0.846,0.6576,0.5253,0.4161,2,0,21,1,0,0,1,0
WTPTN392,SOD1,T137A,SEQSTR392,Alpha-helix,43.8,14.8626991492124,61.9,-0.774,0.846,0.6576,0.5253,0.4161,2,0,21,1,0,0,1,0
WTPTN393,SOD1,T137A,SEQSTR393,Alpha-helix,43.8,14.8626991492124,61.9,-0.774,0.846,0.6576,0.5253,0.4161,2,0,21,1,0,0,1,0
WTPTN394,SOD1,G138E,SEQSTR394,Loop or irregular,0.0,18.9586457585978,0.0,-1.218,0.808,0.5951,0.4967,0.4112,0,0,2,0,0,0,0,0
WTPTN395,SOD1,N139H,SEQSTR395,H-bonded turn,35.1,20.0334799024034,44.0,-0.933,0.805,0.5254,0.4556,0.4078,1,0,17,1,1,0,2,0
WTPTN396,SOD1,N139H,SEQSTR396,H-bonded turn,35.1,20.0334799024034,44.0,-0.933,0.805,0.5254,0.4556,0.4078,1,0,17,1,1,0,2,0
WTPTN397,SOD1,N139H,SEQSTR397,H-bonded turn,35.1,20.0334799024034,44.0,-0.933,0.805,0.5254,0.4556,0.4078,1,0,17,1,1,0,2,0
WTPTN398,SOD1,N139H,SEQSTR398,H-bonded turn,35.1,20.0334799024034,44.0,-0.933,0.805,0.5254,0.4556,0.4078,1,0,17,1,1,0,2,0
WTPTN399,SOD1,A140G,SEQSTR399,Loop or irregular,0.7,19.2760115687867,0.7,-0.850,0.801,0.5254,0.4556,0.4047,2,1,56,2,1,1,2,2
WTPTN400,SOD1,G141A,SEQSTR400,Loop or irregular,18.4,16.8349238489516,57.8,-1.218,0.818,0.4619,0.4037,0.4048,2,0,37,0,0,0,2,0
WTPTN401,SOD1,G141A,SEQSTR401,Loop or irregular,18.4,16.8349238489516,57.8,-1.218,0.818,0.4619,0.4037,0.4048,2,0,37,0,0,0,2,0
WTPTN402,SOD1,G141E,SEQSTR402,Loop or irregular,18.4,16.8349238489516,57.8,-1.218,0.818,0.4619,0.4037,0.4048,2,0,37,0,0,0,2,0
WTPTN403,SOD1,G141E,SEQSTR403,Loop or irregular,18.4,16.8349238489516,57.8,-1.218,0.818,0.4619,0.4037,0.4048,2,0,37,0,0,0,2,0
WTPTN404,SOD1,G141R,SEQSTR404,Loop or irregular,18.4,16.8349238489516,57.8,-1.218,0.818,0.4619,0.4037,0.4048,2,0,37,0,0,0,2,0
WTPTN405,SOD1,G141R,SEQSTR405,Loop or irregular,18.4,16.8349238489516,57.8,-1.218,0.818,0.4619,0.4037,0.4048,2,0,37,0,0,0,2,0
WTPTN406,SOD1,L144F,SEQSTR406,Extended beta-strand,33.8,12.5314634819721,33.8,0.540,0.822,0.3948,0.4078,0.4114,1,0,32,1,0,2,1,0
WTPTN407,SOD1,L144F,SEQSTR407,Extended beta-strand,33.8,12.5314634819721,33.8,0.540,0.822,0.3948,0.4078,0.4114,1,0,32,1,0,2,1,0
WTPTN408,SOD1,L144F,SEQSTR408,Extended beta-strand,33.8,12.5314634819721,33.8,0.540,0.822,0.3948,0.4078,0.4114,1,0,32,1,0,2,1,0
WTPTN409,SOD1,L144F,SEQSTR409,Extended beta-strand,33.8,12.5314634819721,33.8,0.540,0.822,0.3948,0.4078,0.4114,1,0,32,1,0,2,1,0
WTPTN410,SOD1,L144F,SEQSTR410,Extended beta-strand,33.8,12.5314634819721,33.8,0.540,0.822,0.3948,0.4078,0.4114,1,0,32,1,0,2,1,0
WTPTN411,SOD1,L144F,SEQSTR411,Extended beta-strand,33.8,12.5314634819721,33.8,0.540,0.822,0.3948,0.4078,0.4114,1,0,32,1,0,2,1,0
WTPTN412,SOD1,L144F,SEQSTR412,Extended beta-strand,33.8,12.5314634819721,33.8,0.540,0.822,0.3948,0.4078,0.4114,1,0,32,1,0,2,1,0
WTPTN413,SOD1,L144F,SEQSTR413,Extended beta-strand,33.8,12.5314634819721,33.8,0.540,0.822,0.3948,0.4078,0.4114,1,0,32,1,0,2,1,0
WTPTN414,SOD1,L144F,SEQSTR414,Extended beta-strand,33.8,12.5314634819721,33.8,0.540,0.822,0.3948,0.4078,0.4114,1,0,32,1,0,2,1,0
WTPTN415,SOD1,L144F,SEQSTR415,Extended beta-strand,33.8,12.5314634819721,33.8,0.540,0.822,0.3948,0.4078,0.4114,1,0,32,1,0,2,1,0
WTPTN416,SOD1,L144F,SEQSTR416,Extended beta-strand,33.8,12.5314634819721,33.8,0.540,0.822,0.3948,0.4078,0.4114,1,0,32,1,0,2,1,0
WTPTN417,SOD1,L144F,SEQSTR417,Extended beta-strand,33.8,12.5314634819721,33.8,0.540,0.822,0.3948,0.4078,0.4114,1,0,32,1,0,2,1,0
WTPTN418,SOD1,L144F,SEQSTR418,Extended beta-strand,33.8,12.5314634819721,33.8,0.540,0.822,0.3948,0.4078,0.4114,1,0,32,1,0,2,1,0
WTPTN419,SOD1,L144F,SEQSTR419,Extended beta-strand,33.8,12.5314634819721,33.8,0.540,0.822,0.3948,0.4078,0.4114,1,0,32,1,0,2,1,0
WTPTN420,SOD1,L144F,SEQSTR420,Extended beta-strand,33.8,12.5314634819721,33.8,0.540,0.822,0.3948,0.4078,0.4114,1,0,32,1,0,2,1,0
WTPTN421,SOD1,L144F,SEQSTR421,Extended beta-strand,33.8,12.5314634819721,33.8,0.540,0.822,0.3948,0.4078,0.4114,1,0,32,1,0,2,1,0
WTPTN422,SOD1,L144F,SEQSTR422,Extended beta-strand,33.8,12.5314634819721,33.8,0.540,0.822,0.3948,0.4078,0.4114,1,0,32,1,0,2,1,0
WTPTN423,SOD1,L144F,SEQSTR423,Extended beta-strand,33.8,12.5314634819721,33.8,0.540,0.822,0.3948,0.4078,0.4114,1,0,32,1,0,2,1,0
WTPTN424,SOD1,L144F,SEQSTR424,Extended beta-strand,33.8,12.5314634819721,33.8,0.540,0.822,0.3948,0.4078,0.4114,1,0,32,1,0,2,1,0
WTPTN425,SOD1,L144F,SEQSTR425,Extended beta-strand,33.8,12.5314634819721,33.8,0.540,0.822,0.3948,0.4078,0.4114,1,0,32,1,0,2,1,0
WTPTN426,SOD1,L144F,SEQSTR426,Extended beta-strand,33.8,12.5314634819721,33.8,0.540,0.822,0.3948,0.4078,0.4114,1,0,32,1,0,2,1,0
WTPTN427,SOD1,L144F,SEQSTR427,Extended beta-strand,33.8,12.5314634819721,33.8,0.540,0.822,0.3948,0.4078,0.4114,1,0,32,1,0,2,1,0
WTPTN428,SOD1,L144S,SEQSTR428,Extended beta-strand,33.8,12.5314634819721,33.8,0.540,0.822,0.3948,0.4078,0.4114,1,0,32,1,0,2,1,0
WTPTN429,SOD1,L144S,SEQSTR429,Extended beta-strand,33.8,12.5314634819721,33.8,0.540,0.822,0.3948,0.4078,0.4114,1,0,32,1,0,2,1,0
WTPTN430,SOD1,L144S,SEQSTR430,Extended beta-strand,33.8,12.5314634819721,33.8,0.540,0.822,0.3948,0.4078,0.4114,1,0,32,1,0,2,1,0
WTPTN431,SOD1,C146R,SEQSTR431,Extended beta-strand,1.1,9.27057932386105,1.1,-0.873,0.824,0.3494,0.4879,0.4181,4,0,64,1,2,3,2,3
WTPTN432,SOD1,C146R,SEQSTR432,Extended beta-strand,1.1,9.27057932386105,1.1,-0.873,0.824,0.3494,0.4879,0.4181,4,0,64,1,2,3,2,3
WTPTN433,SOD1,G147A,SEQSTR433,Extended beta-strand,29.6,6.84242193963512,29.6,-0.694,0.799,0.3321,0.5331,0.4273,2,0,11,1,1,0,1,1
WTPTN434,SOD1,G147C,SEQSTR434,Extended beta-strand,29.6,6.84242193963512,29.6,-0.694,0.799,0.3321,0.5331,0.4273,2,0,11,1,1,0,1,1
WTPTN435,SOD1,G147C,SEQSTR435,Extended beta-strand,29.6,6.84242193963512,29.6,-0.694,0.799,0.3321,0.5331,0.4273,2,0,11,1,1,0,1,1
WTPTN436,SOD1,G147C,SEQSTR436,Extended beta-strand,29.6,6.84242193963512,29.6,-0.694,0.799,0.3321,0.5331,0.4273,2,0,11,1,1,0,1,1
WTPTN437,SOD1,G147D,SEQSTR437,Extended beta-strand,29.6,6.84242193963512,29.6,-0.694,0.799,0.3321,0.5331,0.4273,2,0,11,1,1,0,1,1
WTPTN438,SOD1,G147D,SEQSTR438,Extended beta-strand,29.6,6.84242193963512,29.6,-0.694,0.799,0.3321,0.5331,0.4273,2,0,11,1,1,0,1,1
WTPTN439,SOD1,G147D,SEQSTR439,Extended beta-strand,29.6,6.84242193963512,29.6,-0.694,0.799,0.3321,0.5331,0.4273,2,0,11,1,1,0,1,1
WTPTN440,SOD1,G147D,SEQSTR440,Extended beta-strand,29.6,6.84242193963512,29.6,-0.694,0.799,0.3321,0.5331,0.4273,2,0,11,1,1,0,1,1
WTPTN441,SOD1,G147S,SEQSTR441,Extended beta-strand,29.6,6.84242193963512,29.6,-0.694,0.799,0.3321,0.5331,0.4273,2,0,11,1,1,0,1,1
WTPTN442,SOD1,G147S,SEQSTR442,Extended beta-strand,29.6,6.84242193963512,29.6,-0.694,0.799,0.3321,0.5331,0.4273,2,0,11,1,1,0,1,1
WTPTN443,SOD1,G147S,SEQSTR443,Extended beta-strand,29.6,6.84242193963512,29.6,-0.694,0.799,0.3321,0.5331,0.4273,2,0,11,1,1,0,1,1
WTPTN444,SOD1,G147N,SEQSTR444,Extended beta-strand,29.6,6.84242193963512,29.6,-0.694,0.799,0.3321,0.5331,0.4273,2,0,11,1,1,0,1,1
WTPTN445,SOD1,G147N,SEQSTR445,Extended beta-strand,29.6,6.84242193963512,29.6,-0.694,0.799,0.3321,0.5331,0.4273,2,0,11,1,1,0,1,1
WTPTN446,SOD1,V148G,SEQSTR446,Extended beta-strand,11.0,3.6109129039621,44.3,-0.679,0.795,0.2988,0.5762,0.4406,0,0,21,0,0,3,1,0
WTPTN447,SOD1,I149T,SEQSTR447,Extended beta-strand,28.1,3.28216437735833,0.0,0.293,0.8,0.2715,0.6255,0.4476,0,0,50,0,1,7,0,0
WTPTN448,SOD1,I149T,SEQSTR448,Extended beta-strand,28.1,3.28216437735833,0.0,0.215,0.8,0.2715,0.6255,0.4476,0,0,50,0,1,7,0,0
WTPTN449,SOD1,I149T,SEQSTR449,Extended beta-strand,28.1,3.28216437735833,0.0,0.215,0.8,0.2715,0.6255,0.4476,0,0,50,0,1,7,0,0
WTPTN450,SOD1,I149T,SEQSTR450,Extended beta-strand,28.1,3.28216437735833,0.0,0.215,0.8,0.2715,0.6255,0.4476,0,0,50,0,1,7,0,0
WTPTN451,SOD1,I149T,SEQSTR451,Extended beta-strand,28.1,3.28216437735833,0.0,0.215,0.8,0.2715,0.6255,0.4476,0,0,50,0,1,7,0,0
WTPTN452,SOD1,I149T,SEQSTR452,Extended beta-strand,28.1,3.28216437735833,0.0,0.215,0.8,0.2715,0.6255,0.4476,0,0,50,0,1,7,0,0
WTPTN453,SOD1,I149T,SEQSTR453,Extended beta-strand,28.1,3.28216437735833,0.0,0.215,0.8,0.2715,0.6255,0.4476,0,0,50,0,1,7,0,0
WTPTN454,SOD1,I149T,SEQSTR454,Extended beta-strand,28.1,3.28216437735833,0.0,0.215,0.8,0.2715,0.6255,0.4476,0,0,50,0,1,7,0,0
WTPTN455,SOD1,I149T,SEQSTR455,Extended beta-strand,28.1,3.28216437735833,0.0,0.215,0.8,0.2715,0.6255,0.4476,0,0,50,0,1,7,0,0
WTPTN456,SOD1,A152P,SEQSTR456,Loop or irregular,13.7,3.85611216123183,27.0,0.293,0.782,0.1731,0.7605,0.4620,0,0,18,0,0,2,0,0